,KAMCHAY,LRCHRUM,ATAY,TATAY,KIRIROM1,KIRIROM3
0,15.747558592499999,24.8165039875,18.133398425000003,14.1,0.90673828125,0.73876953125
1,14.2101562,23.330761725,17.381933637500005,13.282226524999999,0.88330078125,0.730078125
2,13.095019542500001,22.7111328125,17.1013672125,12.6922851875,0.86259765625,0.72041015625
3,12.1880858875,22.675976587499996,17.052832037499996,12.5564453125,0.8435546875,0.71220703125
4,12.8381836125,24.5039062,17.982031224999997,12.659082025,0.84814453125,0.70361328125
5,13.965234387499999,29.0957031625,20.922363275000002,13.230859375,0.8439453125,0.69794921875
6,15.2262696125,30.749218737499994,22.070605400000005,14.961914037500003,0.8349609375,0.69267578125
7,15.5708985375,30.084277424999993,22.008886625,14.196679675000002,0.8208984375,0.68544921875
8,14.0744140625,31.541992050000005,22.679980575,15.151953149999997,0.808984375,0.68310546875
9,13.234375,31.562109187499992,21.924023425,16.22890625,0.79814453125,0.6798828125
10,13.1041015625,30.555273362499996,21.5832031125,15.452343725000002,0.79296875,0.675
11,13.1314452625,29.8070312,20.955664074999998,15.519921925,0.7853515625,0.6724609375
12,12.63496095,31.812500150000005,22.8302735875,15.803515637499999,0.78046875,0.6669921875
13,12.8302734,35.6259767,25.074023287499994,16.8183593625,0.778125,0.665234375
14,12.9917969,35.749804675,25.274023637499994,16.9677734125,0.770703125,0.6587890625
15,14.3380859375,32.7007812375,22.995703199999998,16.5119140625,0.7666015625,0.655078125
16,16.399414200000002,35.9244140625,24.687890575,17.595117312499998,0.81953125,0.657421875
17,16.259570175,31.929296875,22.2072265625,16.335937575000003,0.824609375,0.653125
18,15.852539075,30.8349609125,21.804687525000002,16.513085912500003,0.8154296875,0.6486328125
19,17.0076172,32.8076170625,23.1546876375,16.2949219,0.8001953125,0.6419921875
20,16.9451172375,31.592968912499998,22.0671876125,16.446093712499998,0.7904296875,0.639453125
21,16.7035157,32.0275391,22.4392578125,15.9800781,0.7828125,0.6421875
22,16.1699218875,31.534765537500004,21.918164025,16.115820324999998,0.7890625,0.6611328125
23,16.458398425000002,34.2166015125,24.3228516875,16.852343724999997,0.8205078125,0.7021484375
24,15.588281375,34.0384765625,24.2500000875,17.1162109375,0.83828125,0.683203125
25,13.5921875,32.837695337499994,23.470312399999997,16.8464843625,0.83046875,0.719140625
26,12.259765625,32.206054675000004,23.137109350000003,16.319531375,0.84921875,0.7138671875
27,11.8943359375,31.9664062875,23.170312387499997,15.4857421875,0.8306640625,0.694921875
28,12.850390625,33.3466796625,23.3814453125,17.4525391875,0.842578125,0.70859375
29,14.020312624999999,32.599609375,22.864648425000002,17.1076171875,0.83984375,0.6919921875
30,13.80078125,31.5960938,22.18984375,16.494726550000003,0.81171875,0.706640625
31,13.0552734375,28.714062624999997,20.350195300000003,14.991601550000002,0.7767578125,0.6736328125
32,12.7751953125,27.949609375,20.08808595,14.951367175000001,0.760546875,0.6490234375
33,13.1541015625,29.68984375,21.325195325,14.938867175000002,0.775,0.644140625
34,12.1775390625,28.687890625,21.098242199999998,14.3556640625,0.7662109375,0.6376953125
35,11.1869140625,28.161132825,20.94765625,14.0130859375,0.739453125,0.6228515625
36,10.4875,25.675,19.2423828125,12.9802734375,0.7189453125,0.61015625
37,9.7990234375,25.6109375,19.148046875,12.3849609375,0.705859375,0.599609375
38,9.416015625,25.001953125,18.7353515625,12.257421875,0.6865234375,0.5900390625
39,9.0677734375,24.999609375,18.4765625,11.955859375,0.6814453125,0.5865234375
40,8.625390625,23.450585949999997,17.4310546875,11.4056640625,0.665234375,0.581640625
41,8.2904296875,24.2056640625,18.09375,11.260546875,0.659765625,0.579296875
42,7.9951171875,24.3060546875,18.083203125,12.0953125,0.6806640625,0.5802734375
43,9.1791015625,25.73046875,19.1890625,12.5453125,0.6947265625,0.5794921875
44,11.0224609375,29.947656125,22.3693359375,12.9083984375,0.696875,0.5865234375
45,10.5240234375,36.881445424999995,26.9365234375,14.6263671875,0.68203125,0.5794921875
46,9.2517578125,38.347070675000005,28.682031125,15.060546875,0.68515625,0.583984375
47,10.92578125,40.341797,28.977148449999998,16.094140625,0.8095703125,0.61171875
48,16.3404296875,46.203906374999995,32.478515625,18.6314453125,0.9490234375,0.61796875
49,16.28515625,43.255273175,30.8689453,18.180859375,0.8716796875,0.6041015625
50,14.4443359375,53.87265625,38.23808580000001,19.5974609375,0.79453125,0.6103515625
51,14.1134765625,53.83300795,37.460546875,19.5240234375,0.74453125,0.6033203125
52,13.9228515625,57.67910167499999,41.098437749999995,21.0412109375,0.7435546875,0.640234375
53,14.8521484375,64.708203375,43.96679675,23.73046875,0.7619140625,0.683203125
54,14.4970703125,62.5552737,43.237499875000005,22.155859375,0.7423828125,0.705859375
55,13.847265625,61.256640375,41.968164175,21.150390625,0.7224609375,0.673828125
56,14.0623046875,57.837304575000005,39.3548828,21.41328125,0.7083984375,0.6455078125
57,13.122265625,50.323632700000005,35.026367199999996,19.415234375,0.68359375,0.6201171875
58,12.395703125,48.327539075,33.348046875,19.3375,0.67890625,0.6087890625
59,13.0484375,49.833203125,35.7009765625,18.2619140625,0.68671875,0.599609375
60,13.4021484375,49.20839845,35.4154296875,18.5673828125,0.678515625,0.59765625
61,12.808203125,51.43750024999999,37.3875,19.2126953125,0.663671875,0.66796875
62,12.79140625,57.34902354999999,40.9107421875,21.322265625,0.678515625,0.7228515625
63,14.3111328125,52.414843625,37.50546875,19.850390625,0.6951171875,0.7384765625
64,17.2650390625,58.58359375,40.94121080000001,23.2951171875,0.7466796875,0.8025390625
65,20.868359375,67.23203125,47.6955078,27.260546999999995,0.8478515625,0.9103515625
66,23.0267578125,71.9732423,49.826367424999994,30.196679824999997,0.9435546875,0.9576171875
67,23.1625,71.687500125,50.1464845,27.63125,0.946484375,0.88828125
68,20.596875,66.02578125,46.337109375,23.86171875,0.930078125,0.82421875
69,17.486328125,57.10507825,40.076953125,21.16796875,0.84453125,0.743359375
70,15.6796875,56.95,40.51132825,21.040234375,0.77890625,0.683984375
71,15.7734375,51.0328125,36.35625,20.362109375,0.800390625,0.686328125
72,19.616796875,58.603515625,40.958984375,22.230859375,0.9015625,0.706640625
73,20.485546875,64.82656237500001,45.296875,22.9515625,0.86328125,0.6875
74,18.90703125,65.869922,45.57578125,25.180078125,0.812109375,0.74140625
75,19.824609375,64.038671875,44.149609375,24.975390625,0.815234375,0.747265625
76,23.53671875,67.906249875,46.518359375,24.6625,0.92578125,0.765625
77,27.097265874999998,79.41523425,54.1816405,28.25859375,1.001953125,0.784375
78,33.5984375,95.81328125,65.721093875,30.222265625,1.134765625,0.858203125
79,34.9078125,97.24296899999999,65.86445275,33.67578125,1.154296875,0.862109375
80,32.901953125,103.226562375,70.00234375,37.22734375,1.186328125,0.866796875
81,31.982421999999996,107.47148462499999,73.58007825,37.433203125,1.275,0.908984375
82,31.467578125,119.84609375,80.5484375,39.276953125,1.274609375,0.9515625
83,36.469922,107.787109125,73.907031125,37.196093625,1.25546875,0.96875
84,43.956640625,99.27421899999999,67.64296862500001,36.108203125,1.41484375,1.011328125
85,36.556250125,90.323828,62.6203125,32.727734375,1.361328125,0.925
86,31.690234375,86.39492162500001,60.11992175,31.026953125,1.21796875,0.936328125
87,31.169140625,92.762890625,65.5140625,33.0046875,1.188671875,0.9859375
88,30.475781374999997,100.142578125,70.27890637499999,33.261328125,1.150390625,1.037890625
89,33.573828125,101.89179675,71.189452875,34.49296875,1.191796875,1.02734375
90,36.4875,115.277734375,78.467968875,38.119140625,1.341796875,1.07421875
91,35.159375,112.179296875,76.9660155,36.327734375,1.395703125,1.0390625
92,37.064453125,125.08359387499999,87.136718875,37.701171875,1.5328125,1.089453125
93,36.308203125,132.34531225,92.35507824999999,40.9421875,1.5296875,1.087890625
94,37.2890625,121.99960949999999,85.5984375,42.553515625,1.735546875,1.254296875
95,37.5109375,130.77773425,92.408984375,44.2359375,1.651171875,1.312109375
96,34.780078125,132.4191405,93.03671875,45.498828125,1.523046875,1.227734375
97,32.65,126.45937487500001,89.39140625,43.794921875,1.435546875,1.0953125
98,32.6015625,125.153515625,90.05898425000001,40.530859375,1.45703125,1.10625
99,36.5265625,121.18203112500001,87.067578125,40.49140625,1.5546875,1.096875
100,40.28359375,127.7140625,91.32070325,43.191796875,1.71484375,1.156640625
101,40.560546875,120.705078,85.63046875,41.630859375,1.739453125,1.15859375
102,38.541015625,114.00390625,82.001172,38.76875,1.658203125,1.158984375
103,35.6359375,111.17812487500001,80.830078125,35.47890625,1.596484375,1.08125
104,34.190234375,104.82968774999999,77.085546875,35.429296875,1.683203125,1.1484375
105,33.656640625,106.73398449999999,78.314062375,37.847265625,1.7125,1.1875
106,33.14140625,108.27500012499999,79.721484375,39.240234375,1.615234375,1.23046875
107,34.83046875,110.29453137499999,80.059375,41.07421875,1.737890625,1.25078125
108,38.32890625,123.83828125,88.910937625,42.7359375,1.888671875,1.33515625
109,38.66640625,115.56562475000001,83.151953125,40.073046875,1.849609375,1.30625
110,38.419140625,109.21796875,80.233984375,38.25703125,1.84609375,1.33125
111,38.587109375,112.97109375,82.52265625,38.5875,1.808203125,1.2875
112,42.866015625,127.18906262499999,91.89882825,41.078515625,1.852734375,1.353125
113,46.210546875,131.000390625,93.88203125,44.174609375,1.909375,1.455078125
114,46.409765625,141.28945325,101.156250125,48.853515625,1.98671875,1.61171875
115,45.543359375,139.75351575,100.18085925,45.365234375,1.905859375,1.482421875
116,49.10625,140.7933595,102.34140625,46.2640625,2.14453125,1.48359375
117,57.466406375,163.15703125,116.734375,53.609374875,2.3640625,1.730859375
118,61.048828125,166.407812375,119.91523425,54.356250124999995,2.476171875,1.825390625
119,62.876953,162.76562487500001,117.205859375,53.655078125,2.591015625,1.73203125
120,61.632812375,161.2160155,117.6546875,53.275390625,2.66484375,1.707421875
121,55.88984375,151.982031375,110.997265625,52.615625,2.51875,1.69609375
122,55.835546875,151.577734375,110.292968625,53.331640625,2.6046875,1.726171875
123,59.191015625,162.25390612500001,117.351562375,55.94140625,2.661328125,1.793359375
124,59.86171875,165.59765637499999,120.37734375,54.95703125,2.728125,1.86796875
125,59.44921875,169.74296875,124.00664075,58.383203125,2.791796875,1.945703125
126,59.80703125,169.07773425,122.62460949999999,58.7296875,2.821875,2.000390625
127,57.556640625,155.89453125,114.5375,55.110546875,2.66484375,1.914453125
128,59.25390625,156.0078125,113.915234375,56.93671875,2.719921875,2.051171875
129,63.78984375,177.255859375,128.26875,60.35625,2.75390625,2.1171875
130,70.66640625,193.5796875,140.0515625,69.96875,2.8140625,2.295703125
131,80.4703125,210.964453,149.90234375,77.188671875,3.276953125,2.652734375
132,81.859375,202.556640625,145.796484375,74.064453125,3.527734375,2.709765625
133,72.92265625,187.144140625,136.7875,69.862109375,3.38125,2.60078125
134,68.706640625,193.03125,140.93203125,73.147265625,3.4734375,2.73828125
135,76.0046875,202.73984375,148.00859375,77.564453125,3.861328125,2.92578125
136,76.86484375,201.713672,148.742578,74.758984375,3.7453125,2.8953125
137,72.874609375,201.11640625,147.8078125,74.325390625,3.738671875,2.83671875
138,71.90859375,195.72265625,143.05351575,74.08515625,3.6953125,2.729296875
139,71.866796875,204.35351574999999,149.859375,78.9625,3.7765625,2.838671875
140,73.779296875,210.980078,156.25703125,79.928515625,4.033203125,2.9828125
141,77.964453125,220.27109375,163.01875,83.65390625,4.1296875,3.037890625
142,76.328125,205.52460925,152.59570324999999,80.5046875,3.8796875,2.906640625
143,80.15625,211.46835925,156.77812525,82.237890625,4.108984375,2.9625
144,84.262890625,215.7640625,160.690625,82.30546875,3.99453125,3.06171875
145,85.814453125,221.83828125,165.23359375,85.474609375,4.21796875,3.321875
146,87.326953125,229.4035155,170.91289075,86.652734375,4.1734375,3.434765625
147,87.8875,230.70468725,170.86796875,87.855859375,4.34609375,3.54140625
148,85.169140625,220.899218875,164.944531375,83.962890625,4.4234375,3.448046875
149,82.095703125,219.504296875,164.3328125,83.0203125,4.358203125,3.440234375
150,78.30234375,219.4484375,164.11367175,83.23125,4.2578125,3.5015625
151,77.200390625,217.958203,162.94140625,83.36640625,4.32109375,3.337890625
152,84.332422,235.37734375,173.70117175000001,91.52734375,4.58671875,3.448828125
153,92.563671875,260.45781225,191.79609375,97.2515625,4.757421875,3.62734375
154,93.8828125,253.86914074999999,188.02734375,96.875,4.8171875,3.645703125
155,93.18125012499999,249.10937525,185.576953125,98.137500125,4.819140625,3.696484375
156,94.133984375,256.0378905,191.348047,100.338672,5.018359375,3.72890625
157,94.225390625,260.23515625,192.989062375,103.285937375,5.053125,3.760546875
158,95.469922,262.42265562499995,194.504296875,103.71640625,5.148828125,3.716796875
159,96.93359375,268.59296812499997,198.596484625,107.969922125,5.125390625,3.835546875
160,93.876171875,262.196484875,195.25039075,105.65429675,4.969921875,3.830859375
161,90.19921875,260.13671875,194.09687475,103.586718625,5.109765625,3.930078125
162,89.114453,275.117187625,204.159375,104.97500025,5.123828125,3.948828125
163,89.07421875,280.703515625,207.776171875,108.01015625,5.106640625,4.025390625
164,89.309374875,276.553515875,204.550782125,110.01835925,4.978515625,4.069140625
165,90.3308595,279.23788924999997,207.473438,111.328906375,4.878515625,4.077734375
166,98.04335925000001,310.23554762500004,227.45820275,120.9777345,5.073828125,4.2859375
167,107.013671875,330.636719125,241.63515675,129.815234375,5.2796875,4.5078125
168,108.0328125,331.6410155,242.017577625,131.46093762499999,5.355078125,4.58515625
169,105.716796875,323.996483625,237.75625087500003,130.18710925,5.332421875,4.633203125
170,111.17148462499999,325.56523500000003,240.27695325,130.22421837500002,5.901953125,4.8234375
171,112.219922,312.50507825,232.849219,127.1546875,6.0578125,4.966015625
172,113.336328125,333.37226475,246.4976565,134.68007825,6.244140625,5.14375
173,115.14023487499999,345.67226500000004,257.00742075000005,135.5285155,6.271875,5.236328125
174,118.01914074999999,351.64882825000007,260.27578125,141.050390625,6.437109375,5.37890625
175,120.93515625,348.70468675,258.13476475,142.47226612499998,6.281640625,5.413671875
176,121.27460925,354.65937425,261.1484365,143.236328125,6.4046875,5.671875
177,115.53828100000001,353.18437425,260.7265635,144.165234,6.2515625,5.56640625
178,113.22382825,348.14335900000003,257.1832035,143.492578375,6.28984375,5.48359375
179,113.35585925000001,360.83710824999997,265.50703050000004,148.211719,6.534765625,5.76171875
180,109.88867224999998,361.47812400000004,266.59570275,149.483984625,6.46640625,5.8484375
181,112.278124625,358.80937425,264.440626,150.4480465,6.658203125,5.857421875
182,116.78867212499999,363.21250100000003,266.60703125,152.47656225,6.709375,5.8296875
183,115.32265612500001,365.40039149999996,268.613671875,152.94296875,6.60625,5.812890625
184,114.713281375,388.61054774999997,283.7828125,158.04726599999998,6.709765625,5.8921875
185,118.207812125,396.58632824999995,289.02343774999997,162.71601575000003,6.812109375,6.07890625
186,117.519140375,405.55742325,293.97890574999997,164.46796899999998,6.929296875,6.223828125
187,113.25937475,385.82109325,281.11601600000006,156.70156225,6.8671875,6.054296875
188,110.962890625,383.7359385,280.28320275,154.98632800000001,6.862890625,5.9859375
189,111.147265625,375.63749825,273.75742337500003,153.6414065,7.01015625,5.9578125
190,111.3390625,364.27617375,266.09335962500006,154.7175785,7.330859375,6.047265625
191,109.517578,366.06835925000007,267.58867150000003,155.19687425,7.286328125,6.16953125
192,110.93203087500001,371.77109375000003,272.858594375,156.9664065,7.423046875,6.359765625
193,116.50273425,379.63007675000006,278.604689125,159.98437512499999,7.709765625,6.640625
194,117.6367185,375.84062575,276.15078137500007,159.11562475,7.708984375,6.585546875
195,123.50156225,391.14765724999995,286.613281625,164.785546625,7.9515625,6.69375
196,134.07070349999998,422.40155999999996,307.96601625,175.969140375,8.566015625,7.112109375
197,143.2304685,425.16249625,310.57617262499997,179.300000125,8.729296875,7.24296875
198,139.38593774999998,413.69257625,305.151172125,174.82656175000002,8.7546875,7.465234375
199,134.2410155,403.05312775,296.34531275,172.57773475,9.04921875,7.674609375
200,130.326172375,390.44140799999997,287.478124625,168.5812495,8.780078125,7.57421875
201,127.19843725000001,390.909769,287.44882924999996,167.47343650000002,8.593359375,7.386328125
202,131.6109375,434.0765640000001,317.48398525,177.87734400000002,8.744921875,7.509375
203,135.65156274999998,443.40742174999997,324.03320237500003,181.1984365,8.946484375,7.75859375
204,130.99453162499998,432.98085775,317.01406462499995,179.76679699999997,9.0421875,8.065625
205,127.70195275,429.0039099999998,314.87812462500005,180.9429685,9.012890625,8.151171875
206,126.09218787500001,435.4441385,318.728126375,181.544140125,9.069140625,8.2453125
207,127.407031125,423.06992199999996,309.8960945,178.82539087499998,9.2625,8.25078125
208,129.905468625,411.634765125,301.83242062500005,175.94062612499997,9.121484375,8.33671875
209,128.67812425000002,404.4531245,297.73945237500004,173.3464845,8.988671875,8.2140625
210,127.86328162499998,403.94179737499996,298.3828135,172.20390737499997,8.887890625,8.208203125
211,129.220312375,414.902734375,305.43476675,175.96718812499998,8.886328125,8.367578125
212,132.16484425,422.3929685000001,309.184764625,180.251953125,9.02265625,8.565234375
213,135.72382899999997,417.66953399999994,307.44023250000004,178.311328875,9.313671875,8.515625
214,134.540625125,415.444533,306.24336025,179.196485,9.235546875,8.384765625
215,133.226171875,423.23124874999996,312.48085975,179.420703625,9.22890625,8.387109375
216,134.913281,444.10429800000003,326.08163975,186.717578625,9.475,8.616796875
217,137.958593625,454.91952850000007,333.6832025,192.23437562499998,9.5859375,8.763671875
218,135.856640375,456.21367325,334.97812562499996,191.15664099999998,9.49140625,8.740234375
219,134.41445349999998,452.24492174999995,333.48007762500004,187.8195305,9.41015625,8.65859375
220,134.464453,460.91484225000005,338.42187375000003,190.992968125,9.512890625,8.717578125
221,134.106250375,452.5902347499999,333.746093625,187.1011725,9.535546875,8.762890625
222,131.846874875,445.70820050000003,329.8917975,186.1667965,9.38046875,8.76640625
223,130.644140625,451.24140625,334.92812475,187.641014875,9.473828125,8.971484375
224,127.92773425,440.0457045,326.9515625,187.14062525,9.369140625,8.98125
225,127.76757725000002,431.180858,318.871485,186.16406312499998,9.2984375,8.93125
226,137.88398412499998,433.458593,319.30429875,187.277734625,9.592578125,8.9484375
227,141.76562475,431.88047100000006,319.5597675,186.790624375,9.73515625,9.194140625
228,141.53242212499998,440.96562775,326.677734,188.76835925,9.65625,9.258984375
229,142.4703125,450.27499900000004,331.56445475,191.4249995,9.8546875,9.4078125
230,148.33984375,473.87734524999996,346.125587,199.413867125,10.36484375,9.64296875
231,152.83984412499998,469.14218925000006,343.54785024999995,200.71582074999998,10.703125,9.7626953125
232,145.410352625,447.8070317499999,329.198242,198.361718625,10.5736328125,9.9904296875
233,140.86425712500002,431.00156200000004,319.93066375,194.60214825,10.61640625,9.9880859375
234,138.278125125,429.931839,318.60312600000003,192.349414125,10.473828125,9.957421875
235,139.369922,431.06094075,318.707619,190.03007762500002,10.257421875,9.7712890625
236,139.944531,432.05234275000004,319.04121124999995,188.944726875,10.1892578125,9.64375
237,143.45742175,430.20917975000003,317.27070425,190.536914,10.56875,9.8052734375
238,146.58945325,431.98125,317.98359375000007,191.749022875,10.459375,9.7697265625
239,146.304100875,444.99355525,324.80136600000003,198.63378925,10.7179687625,9.7912109375
240,152.660937375,462.9718737499999,336.64277275,210.878125625,11.0259765625,10.0419922
241,152.23964800000002,457.9603532499999,336.40214725,204.79511562500002,11.0322265625,10.069140625
242,146.942969125,444.7312507500001,326.95722675,202.17441325000001,10.866992175,10.104296875
243,141.35371062500002,424.00058774999997,311.70585925000006,193.694141125,10.7802734375,9.9195312625
244,132.881054625,409.71366900000004,302.964259125,184.971094875,10.44433595,9.6511718875
245,127.26445250000002,403.81503824999993,298.319531125,184.261328375,10.2859375,9.5498046875
246,127.751757875,394.8861295,291.678124125,182.42695325,10.28671875,9.3775390625
247,130.361523875,390.70624949999996,289.36074262499994,179.746093875,10.27734375,9.37285155
248,133.65332099999998,391.7005835,289.79238250000003,178.289453,10.2773437625,9.320703125
249,135.250390375,388.22168000000005,287.00175774999997,177.55605387500003,10.1169922,9.327734375
250,135.37558625,388.70527375000006,287.5451165,180.32246075,10.2837890625,9.481640625
251,147.44042875,411.38457325,301.01953175,188.764647875,10.8326171875,9.806640625
252,160.01562462500002,435.58691225,315.96445225,200.94707025,11.359765625,10.0302734375
253,164.66308550000002,437.24355475000004,319.41288900000006,200.24668012499998,11.284765625,10.005859375
254,159.835938,427.20292924999995,313.18691299999995,197.056641,11.006640625,9.791210925
255,152.6955085,427.7943347500001,313.03320225000004,198.264648625,11.0025390375,9.7859375
256,148.58339900000001,432.12734650000004,314.1218747500001,203.2728515,11.15625,9.7830078125
257,153.293751,454.0472657500001,328.28613325000003,221.439844,11.5037109375,9.87578125
258,163.64589800000002,466.20117199999993,336.783789,231.05722575000004,12.0234375125,10.225195325
259,165.697851,471.70332175000004,343.1671882500001,228.29824324999998,12.009765625,10.1820312625
260,175.951366625,454.0578085000001,330.0775392499999,223.4154305,12.2316406,10.3650390625
261,174.87871149999998,457.3068332499999,332.370507,220.90449125,12.2238281,10.576367175
262,168.79921875,445.96347975,325.83964725,216.422656375,12.499023425,10.5943359375
263,166.77246125,435.87695300000007,318.28710750000005,217.50449212499998,12.654101575,10.6908202875
264,168.007227,447.1167975,326.27636750000005,221.73711024999994,12.809570274999999,10.9136718875
265,161.27441320000003,425.09082075,311.993751,215.02382762500002,12.5875000375,10.691601575
266,155.66933625,418.39258,306.5667957500001,214.56992225,12.3064452625,10.5437500125
267,155.798632375,415.38925725,305.107031,214.44511650000004,12.3097656,10.5146484375
268,157.996679375,424.7220695,311.63203024999996,215.71191474999995,12.690429725,10.7498047
269,164.18828075000002,466.7281274999999,342.33632750000004,224.300000375,12.9279296625,10.812304675
270,173.963282,459.1009775000001,334.66796800000003,225.15097674999998,13.117578125,10.92109375
271,179.523632625,445.54335950000007,326.09082075000003,227.73769574999997,13.557812512499998,11.2548828125
272,182.208984875,444.0865255,326.50195325,229.92929699999996,13.6855468625,11.2847656375
273,186.237304125,448.07929725,328.85957125,235.96757825000003,13.777539100000002,11.3595703125
274,188.1566405,448.6349614999999,329.82070375,235.02871224999998,13.785351550000001,11.2414062375
275,189.4021485,455.685545,331.9007815,233.15605325,13.662890625,11.251757825
276,188.71289025000002,453.95644374999995,329.57832275,231.29140700000002,13.657812487500001,11.059375
277,192.77539124999998,473.8695327500001,341.04882950000007,246.64804725000005,13.6939452875,11.173046875
278,199.04316425,463.33320299999986,337.67597549999994,241.63125012499995,14.12695315,11.4330078
279,197.419531375,451.35585825,330.63359249999996,234.949022375,14.1757812375,11.591601575
280,192.23261824999997,435.0888675,318.33593575000003,232.51054737500004,14.069140612500002,11.5968749625
281,182.79961099999997,423.29863374999996,311.5761729999999,227.62558675,13.726171862500001,11.28515625
282,174.78281262500002,419.0076167500001,308.19941425,226.80371200000005,13.640624975,11.2882812375
283,180.126171625,421.32792974999995,309.44707024999997,232.417382375,13.7951171875,11.48359375
284,183.40820324999999,411.74336174999996,303.0878905,227.31679662500005,13.82773435,11.52714845
285,182.47460949999999,442.8046862499999,323.8994137499999,233.33007650000005,13.896093725,11.71816405
286,180.52128937499998,428.11210950000003,314.21874950000006,229.06523425,13.608203075,11.5771484375
287,174.429297,420.2976565,309.95312399999995,221.30742112500002,13.216406287500002,11.3425781375
288,169.49238399999996,395.95879024999994,291.40371100000004,213.28867099999997,12.71484375,10.913476575
289,169.802539,378.41601675000004,279.5599615,206.76386637500005,12.588085925,10.68515625
290,172.589257125,382.67460924999995,280.4185534999999,218.98202974999998,12.8427734375,10.75546875
291,173.494141125,384.27480525,278.41425825,221.98046775000003,12.970507800000002,10.87246095
292,168.160741875,367.75644475,269.562303375,208.574609125,12.816601574999998,10.6287109
293,166.07734312500003,342.44043,252.85293125000004,196.21074125,12.6107422125,10.1447265875
294,164.260156,327.34472575000007,242.22148362500002,185.66269612499997,12.5902343375,9.7640624875
295,163.298046425,322.19706974999997,236.43359387499996,184.87187587499997,12.35371095,9.8609375375
296,161.02246175,322.13691412499986,236.245897375,181.54414037499998,12.1605469,9.5451171875
297,162.090624925,319.01152287499997,232.68808562499999,176.931053375,11.9771484,9.2275390625
298,158.157617625,308.90039062500006,226.75566237499999,171.028320875,11.6013672375,9.096679675
299,149.767382625,296.644922,217.79023325000009,164.48789025000002,11.3212890875,8.7953125
300,143.74101599999997,284.66621075,208.96640687499993,157.405859675,11.04531255,8.4796875
301,139.104883325,265.3232413749999,196.09589974999997,149.45156275,10.685351575,8.09375
302,138.2751953,254.33085875,188.2675775,143.087303875,10.2349609375,7.744140625
303,135.75488372499998,246.81269512500006,182.39941549999998,138.720312625,10.09785155,7.540234375
304,133.898048325,241.379687125,178.64775462499998,132.40107404999998,9.78603515,7.259667962500001
305,127.87646542499999,225.63261637500005,167.07167937499997,125.69316345000001,9.410449175,6.8958984425
306,124.35673989999998,215.37431575,159.48134737499998,119.742578325,9.230371057500001,6.626660157500001
307,120.40595725,209.001074375,154.649804625,115.9377927,8.81796875,6.381542959999999
308,118.64794932500001,197.766211,146.82685542500002,109.976464725,8.5438476625,6.1632812425
309,118.7615238,194.005077625,143.974511,107.149999775,8.3506836,5.943457025
310,121.96962842500002,198.15839912500002,145.43369195,109.46591787499999,8.2315429675,5.81289062
311,119.2535155,189.622461,139.81328012500003,103.706542675,8.0333984375,5.614062505
312,111.67011737500002,177.07783224999997,131.353907325,97.24892555,7.6795898575,5.4052734424999995
313,101.8880856,166.048046625,122.963086875,91.703418625,7.3289062575,5.1617187575
314,96.8746093,158.48798812500002,116.482617175,90.32167955,7.109765627500001,4.9874023450000005
315,96.19267500000002,157.64755825,115.9879889,87.8997072,6.827050782500001,4.804296875
316,92.60888640000002,160.772656125,117.32968819999999,85.73886717500001,6.555468747499999,4.7041992200000005
317,87.756250125,152.799610075,111.4842776,82.47939474999998,6.3190429675,4.632421875
318,86.49951157500001,147.111328125,107.354687525,80.51054697499998,6.190234372499999,4.45214844
319,83.48457012499999,142.247070175,104.4783209,77.42499967500001,5.8708984375,4.203906250000001
320,80.66972645,133.8040038,98.22997987500001,74.526953575,5.72285156,4.0560546875
321,78.68613265,130.2489255,95.89394517500001,72.56748055,5.4703125,3.8488281225
322,80.99648442499999,126.976269875,92.518945375,70.52324237500001,5.321484375,3.739062495
323,77.721191275,115.776854925,85.134472625,65.32578115,5.080371095,3.5249999975
324,70.00312472499999,106.43906245000001,78.47255852499998,60.14384787499999,4.7785156225,3.274023435
325,65.886425375,101.54052712500001,74.52988297499999,57.80390619999999,4.568261722500001,3.09404297
326,61.02529273749999,98.722168075,72.507812175,54.552246400000016,4.282128907500001,2.924609375
327,57.1893557375,100.30292965,74.58759774999999,51.75322240000001,4.1885742200000005,2.756152345
328,56.2891599375,90.595898225,67.542675275,48.303808475000004,4.020410157500001,2.61279297
329,54.19472671250001,84.395605275,62.666210675,46.2358398375,3.8617187475000003,2.5329101575
330,51.018359325000006,81.27031244999999,58.910058549999995,45.0752930375,3.69941406,2.4332031225
331,48.119726674999995,77.75556645,56.220215124999996,43.75029285000001,3.517382815,2.359765625
332,46.16123052500001,73.47167942500002,53.877441499999996,42.122851612499986,3.3728515625,2.2916015625
333,45.308984162499996,71.805078025,53.288769375,41.5003905625,3.339257815,2.281445315
334,43.165722275,69.61103507499999,52.13027325,39.57168001249998,3.21308594,2.197753905
335,41.2328124625,67.64638695,50.77060555,37.883007774999996,3.096777345,2.089160155
336,40.62451155000001,65.4237304,48.846679425000005,36.58242173749999,2.9729492175,1.9945312524999999
337,39.312206950000004,63.71162107500002,47.176660375,35.29091805,2.87519531,1.9071289000000005
338,38.737500162500005,63.05761670000002,46.320507612499995,33.4648436375,2.7248046875,1.7954101574999999
339,37.1556642,58.44082039999999,43.14248049999999,31.439941300000005,2.589453125,1.6925781200000003
340,35.93662103749999,57.3944339,41.9457032125,31.007031287499995,2.504589845,1.5979492199999998
341,35.64765638749999,55.13222685000001,39.3399415,31.825683599999998,2.399121095,1.5458984387499999
342,32.26259760000001,49.631640450000006,36.1151365625,28.742089925,2.2689453125,1.4551757825
343,28.585839925,45.75917975,33.885156437499994,25.8541992,2.1447265625,1.3840820324999998
344,26.3834960625,43.7120117125,32.44863281250001,24.591699249999994,2.04951171875,1.3256835925000001
345,25.892285137499993,41.068847475000005,30.967187537499996,23.131543012499996,1.9655273462499998,1.269628905
346,24.773828149999996,38.675195412499995,29.281347599999997,21.927050787499997,1.8668945300000002,1.2160156274999998
347,23.549023425,38.356347625,28.608789137499997,21.915136650000004,1.772558595,1.1632812487500002
348,23.529199237500002,38.4063475875,28.538964862500002,21.508984287500006,1.7218749987500002,1.1266601575
349,24.2280273,39.090722725000006,29.210937425000004,21.119433587499998,1.7050781237500001,1.0890625
350,24.206347675000007,36.0620119875,26.921679674999996,20.235253975,1.61201171875,1.04238281375
351,21.7720702625,33.3730468125,24.8698241875,18.890234325000005,1.5058593762499999,1.00458984375
352,19.250976424999998,31.617285012500002,23.646875037500003,17.93554685000001,1.4107421875,0.97138671875
353,17.73417975,30.604882749999994,22.700585924999995,17.1074219,1.3400390649999998,0.94404296875
354,17.1611328125,30.504003899999994,22.553906287500002,16.8619141,1.2836914074999999,0.93154296875
355,16.541113250000002,30.229296800000004,22.672558475,16.153417949999998,1.2151367175,0.9076171875
356,16.121777350000002,28.220703174999993,21.157812512499998,15.5588866375,1.1763671875,0.88505859375
357,15.844628925,26.544726662499993,19.943945337499997,15.0481445875,1.136328125,0.86630859375
358,16.1657226375,27.105566362500003,20.233593774999996,14.897265612500002,1.0908203125,0.84453125
359,18.3857421875,28.524609525,21.093554774999994,15.658105475,1.05908203125,0.8228515625
360,19.665625125,32.212890525,23.697949224999995,16.203125,1.0234375,0.80478515625
361,18.438476537499998,32.4732421375,23.4507813125,16.6783202625,0.99140625,0.784765625
362,16.676171975,30.020214900000003,21.2867188375,16.166992287499998,0.9658203125,0.77041015625
363,15.771289049999998,27.628027312500002,19.8748047,14.698828099999997,0.94248046875,0.75615234375
364,16.187304712499998,26.345507924999993,18.8632813,14.6677734375,0.9236328125,0.74599609375
